Media Name,URL
Finance Fridays Issue 03 06-06-25,https://www.nctreasurer.gov/media/5675/open
 Consolidating County and Municipal Property Tax Functions,https://www.nctreasurer.gov/media/1616/open
01 2025 LGC Agenda,https://www.nctreasurer.gov/media/5307/open
01-06-26-LGC-Agenda,https://www.nctreasurer.gov/media/5903/open
01-06-26-Meeting-Materials,https://www.nctreasurer.gov/media/5904/open
01-07-25-LGC-Minutes,https://www.nctreasurer.gov/media/5324/open
02-04-25-LGC-Agenda,https://www.nctreasurer.gov/media/5320/open
03-04-25-LGC-Agenda,https://www.nctreasurer.gov/media/5335/open
03-04-25-NCCFFA-Maturities-Resolution,https://www.nctreasurer.gov/media/5378/open
04-01-25-LGC-Agenda,https://www.nctreasurer.gov/media/5389/open
04-30-25-Utilities-Commission-Nomination-Letter,https://www.nctreasurer.gov/media/5407/open
05-09-25-Navigator-Word-Search,https://www.nctreasurer.gov/media/5418/open
06. 2023 Actuarial Valuation - Teachers’ and State Employees’ Retirement System,https://www.nctreasurer.gov/media/5725/open
06. 2024 Actuarial Valuation - North Carolina State Health Plan,https://www.nctreasurer.gov/media/5732/open
08-05-25-LGC-Agenda,https://www.nctreasurer.gov/media/5759/open
09-09-25-LGC-Agenda,https://www.nctreasurer.gov/media/5799/open
09. 2023 Disability Income Plan Combined Report and Presentation,https://www.nctreasurer.gov/media/5731/open
1-11-22 Local Government Commission Meeting January Minutes,https://www.nctreasurer.gov/media/3287/open
10-07-25-LGC-Agenda,https://www.nctreasurer.gov/media/5837/open
10-07-25-LGC-Meeting-Materials,https://www.nctreasurer.gov/media/5846/open
10-27-22_12-2021-DIPNC-Valuation-Report,https://www.nctreasurer.gov/media/5128/open
10.170,https://www.nctreasurer.gov/media/5422/open
10.170 2019,https://www.nctreasurer.gov/media/542/open
10.170 2020,https://www.nctreasurer.gov/media/1678/open
10.170 2022,https://www.nctreasurer.gov/media/3493/open
10.170 2023,https://www.nctreasurer.gov/media/4370/open
10.170-2024,https://www.nctreasurer.gov/media/4840/open
10.185,https://www.nctreasurer.gov/media/5423/open
10.185 2023,https://www.nctreasurer.gov/media/4371/open
10.185-2024,https://www.nctreasurer.gov/media/4841/open
10.551-CL,https://www.nctreasurer.gov/media/5424/open
10.551-CL 2019,https://www.nctreasurer.gov/media/543/open
10.551-CL 2020,https://www.nctreasurer.gov/media/1679/open
10.551-CL 2021,https://www.nctreasurer.gov/media/2304/open
10.551-CL 2022,https://www.nctreasurer.gov/media/3494/open
10.551-CL 2023,https://www.nctreasurer.gov/media/4372/open
10.551-CL-2024,https://www.nctreasurer.gov/media/4842/open
10.553-CL,https://www.nctreasurer.gov/media/5425/open
10.553-CL 2019,https://www.nctreasurer.gov/media/544/open
10.553-CL 2020,https://www.nctreasurer.gov/media/1680/open
10.553-CL 2021,https://www.nctreasurer.gov/media/2305/open
10.553-CL 2022,https://www.nctreasurer.gov/media/3495/open
10.553-CL 2023,https://www.nctreasurer.gov/media/4373/open
10.553-CL-2024,https://www.nctreasurer.gov/media/4843/open
10.555,https://www.nctreasurer.gov/media/5426/open
10.555 2019,https://www.nctreasurer.gov/media/545/open
10.555 2020,https://www.nctreasurer.gov/media/1681/open
10.555 2021,https://www.nctreasurer.gov/media/2306/open
10.555 2022,https://www.nctreasurer.gov/media/3496/open
10.555 2023,https://www.nctreasurer.gov/media/4374/open
10.555-2024,https://www.nctreasurer.gov/media/4844/open
10.557,https://www.nctreasurer.gov/media/5427/open
10.557 2019,https://www.nctreasurer.gov/media/546/open
10.557 2020,https://www.nctreasurer.gov/media/1682/open
10.557 2021,https://www.nctreasurer.gov/media/2307/open
10.557 2022,https://www.nctreasurer.gov/media/3497/open
10.557 2023,https://www.nctreasurer.gov/media/4375/open
10.557-2024,https://www.nctreasurer.gov/media/4845/open
10.558,https://www.nctreasurer.gov/media/5428/open
10.558 2019,https://www.nctreasurer.gov/media/547/open
10.558 2020,https://www.nctreasurer.gov/media/1683/open
10.558 2021,https://www.nctreasurer.gov/media/2308/open
10.558 2022,https://www.nctreasurer.gov/media/3498/open
10.558 2023,https://www.nctreasurer.gov/media/4376/open
10.558-2024,https://www.nctreasurer.gov/media/4846/open
10.559,https://www.nctreasurer.gov/media/5429/open
10.559 2019,https://www.nctreasurer.gov/media/548/open
10.559 2020,https://www.nctreasurer.gov/media/1684/open
10.559 2021,https://www.nctreasurer.gov/media/2309/open
10.559 2022,https://www.nctreasurer.gov/media/3499/open
10.559 2023,https://www.nctreasurer.gov/media/4366/open
10.559-2024,https://www.nctreasurer.gov/media/4847/open
10.565,https://www.nctreasurer.gov/media/5430/open
10.565 2019,https://www.nctreasurer.gov/media/549/open
10.565 2020,https://www.nctreasurer.gov/media/1685/open
10.565 2021,https://www.nctreasurer.gov/media/2310/open
10.565 2022,https://www.nctreasurer.gov/media/3500/open
10.565 2023,https://www.nctreasurer.gov/media/4365/open
10.565-2024,https://www.nctreasurer.gov/media/4848/open
10.568,https://www.nctreasurer.gov/media/5432/open
10.568-2024,https://www.nctreasurer.gov/media/4849/open
10.568-2CL,https://www.nctreasurer.gov/media/5431/open
10.568-2CL 2019,https://www.nctreasurer.gov/media/550/open
10.568-2CL 2020,https://www.nctreasurer.gov/media/1686/open
10.568-2CL 2021,https://www.nctreasurer.gov/media/2311/open
10.568-2CL-2024,https://www.nctreasurer.gov/media/4850/open
10.568-CL 2022,https://www.nctreasurer.gov/media/3501/open
10.568-CL 2023,https://www.nctreasurer.gov/media/4367/open
10.691 2021,https://www.nctreasurer.gov/media/2312/open
10.691 2022,https://www.nctreasurer.gov/media/3502/open
10.691 2023,https://www.nctreasurer.gov/media/4368/open
10.812 2023,https://www.nctreasurer.gov/media/4369/open
11 18 21 investment advisory committee agenda,https://www.nctreasurer.gov/media/2838/open
11-04-25-LGC-Agenda,https://www.nctreasurer.gov/media/5854/open
11-04-25-LGC-Meeting-Materials,https://www.nctreasurer.gov/media/5853/open
"11-10-21 NC ABLE Board Meeting Minutes - Nov. 10, 2021",https://www.nctreasurer.gov/media/3308/open
11-14-23 LGC Meeting Minutes,https://www.nctreasurer.gov/media/4768/open
11-17-21 Asset Allocation and Liability Study,https://www.nctreasurer.gov/media/2867/open
11-17-21 Investment Grade Fixed Income Review,https://www.nctreasurer.gov/media/2869/open
11-17-21 North Carolina Retirement Systems Investment Cost Effectiveness Analysis,https://www.nctreasurer.gov/media/2870/open
