Domain,Media Name,URL
it.nc.gov,02 10 15 Funding Meeting Agenda,https://www.it.nc.gov/media/401/open
labor.nc.gov,"# 053 - Shipyard Employment Standards Requiring Programs, Inspections, Procedures, Records and/or Training",https://www.labor.nc.gov/media/965/open
dpi.nc.gov,10-20 Day Memo,https://www.dpi.nc.gov/media/12962/open
dpi.nc.gov,1.0 Percent Participation Transcript,https://www.dpi.nc.gov/media/6970/open
commerce.nc.gov,198-2024 NCMS Statistics,https://www.commerce.nc.gov/media/7612/open
commerce.nc.gov,2003-2024 STMS Statistics,https://www.commerce.nc.gov/media/7614/open
commerce.nc.gov,2014 15 Statistics Release,https://www.commerce.nc.gov/media/771/open
ncdps.gov,2017-2018 Grant Announcement,https://www.ncdps.gov/media/3313/open
ncdps.gov,2018-2019 Grant Announcement,https://www.ncdps.gov/media/3273/open
ncdps.gov,2018 2019 Grant Announcement,https://www.ncdps.gov/media/3274/open
commerce.nc.gov,2018-2024 Rural Division Impact,https://www.commerce.nc.gov/media/7954/open
ncdps.gov,2 17 Franklin,https://www.ncdps.gov/media/6720/open
commerce.nc.gov,2. National Guard Career Center Flyer,https://www.commerce.nc.gov/media/1087/open
commerce.nc.gov,Biscoe Assessment Report REV FINAL 2018 0323,https://www.commerce.nc.gov/media/2340/open
commerce.nc.gov,Coats EconDev Assessment 2019 Report FINAL,https://www.commerce.nc.gov/media/2331/open
ncdor.gov,Important Notice: Sales and Use Tax Due By a Distillery Permit Holder,
ncdor.gov,Updated Guilford Ballroom Room Dimensions and Seating Capacity,https://www.ncdor.gov/media/9404/open
